<?xml version="1.0" encoding="UTF-8" ?>
<!DOCTYPE mapper PUBLIC "-//mybatis.org//DTD Mapper
 3.0//EN"
        "http://mybatis.org/dtd/mybatis-3-mapper.dtd">
<mapper namespace="com.metabuild.chargeup.mapper.chargeMapper">
    <select id="getStationByStatNm" parameterType="String">
        select * from
        (select * from chargeinfo
        where statnm like '%' || #{statNm} || '%' and chgerid = '01')
        <![CDATA[
            where rownum <= 100
        ]]>
    </select>
    <select id="getStationsByAddr" parameterType="String">
        select * from
        (select * from chargeinfo
        where addr like '%' || #{addr} || '%' and chgerid = '01')
        <![CDATA[
            where rownum <= 100
        ]]>
    </select>
    <select id="getStationByZscode" parameterType="String">
        select * from
        (select * from chargeinfo
        where zscode = #{zscode} and chgerid = '01')
        <![CDATA[
            where rownum <= 100
        ]]>
    </select>

    <select id="getStationByFilter" parameterType="HashMap" fetchSize="10000" resultType="HashMap">
        SELECT statid, MIN(lat) AS lat, MIN(lng) AS lng  FROM chargeinfo
        <where>
            1=1
            <if test="stat == 1">
                AND stat = '2'
            </if>
            <if test="parkingFree == 1">
                AND parkingFree = 'Y'
            </if>
            <if test="!chgerTypes.isEmpty()">
                AND (
                <foreach collection="chgerTypes" item="Type" index="index">
                    <if test="index > 0"> OR </if>
                    chgerType = #{Type}
                </foreach>
                )
            </if>
        </where>
        GROUP BY statid
    </select>

    <select id="getSidoCode">
        select * from sido_info
    </select>

    <select id="getSigunguCode" parameterType="String">
        select * from sigungu_info
        <where>
            code like #{sidoCode} || '%'
        </where>
    </select>

    <select id="getChargeInfo" parameterType="String">
        select * from chargeinfo
        <where>
            statid = #{statId}
        </where>
    </select>

    <select id="getCharges" parameterType="List">
        select * from chargeinfo
        WHERE statid IN
        <foreach collection="listStatId" item="statid" open="(" separator="," close=")">
            #{statid}
        </foreach>
        and chgerid = '01'
    </select>
</mapper>