<?xml version="1.0" encoding="UTF-8" ?>
<!DOCTYPE mapper PUBLIC "-//mybatis.org//DTD Mapper
 3.0//EN"
        "http://mybatis.org/dtd/mybatis-3-mapper.dtd">

<mapper namespace="com.metabuild.chargeup.mapper.ReserveMapper">
    <!-- 예약 데이터 삽입 -->
    <insert id="insertReservation" parameterType="Reserve">
        INSERT INTO reservations (statid, chgerid, userId, reserveDate, reserveTime, reservationId, createdAt)
<!--        VALUES ('KP000019', '01', 'park', '2025-02-01', '00:00~01:00', CURRENT_TIMESTAMP)-->
        VALUES (#{statid}, #{chgerid}, #{userId}, #{reserveDate}, #{reserveTime}, #{reservationId}, CURRENT_TIMESTAMP)
    </insert>

    <select id="checkDuplicateReservation" resultType="int">
        SELECT COUNT(*)
        FROM reservations
        WHERE statid = #{statId}
            AND chgerid = #{chgerid}
            AND reserveDate = #{reserveDate,jdbcType=VARCHAR}
            AND reserveTime = #{reserveTime}
    </select>

    <!-- ResultMap 정의 -->
    <resultMap id="ReserveInfoResultMap" type="Reserve">
        <result property="statid" column="statid" />
        <result property="chgerid" column="chgerid" />
        <result property="userId" column="userid" />
        <result property="reserveDate" column="reserveDate" />
        <result property="reserveTime" column="reservetime" />
        <result property="reservationId" column="reservationId" />
        <result property="createdAt" column="createdAt" />
    </resultMap>
</mapper>