<?xml version="1.0" encoding="UTF-8" ?>
<!DOCTYPE mapper PUBLIC "-//mybatis.org//DTD Mapper
 3.0//EN"
        "http://mybatis.org/dtd/mybatis-3-mapper.dtd">
<mapper namespace="com.metabuild.chargeup.mapper.UserMapper">
    <insert id="insertMember" >
        insert into users(userId, password, name,hp1,hp2,hp3)
        values(#{userId}, #{password}, #{name},
        #{hp1:CHAR}, #{hp2:CHAR}, #{hp3:CHAR})
    </insert>

    <delete id="deleteMember" parameterType="string">
        delete from users where userId=#{userId}
    </delete>

    <select id="findByUserId" parameterType="string" resultType="User">
        select * from users where userId=#{userId}
    </select>

    <select id="getTotalCount" parameterType="string" resultType="_int">
        SELECT count(*) FROM reservations r
        JOIN chargeinfo c
        ON r.statId = c.statId AND r.chgerId = c.chgerId
        where userid = #{userId}
    </select>

    <select id="findReserve" parameterType="map" resultMap="CombinedMap">
        select * from (
        select rownum rn, A.* from
        ( select rownum, c.*, r.reserveDate, r.reserveTime, r.createdAt, r.userId, r.reservationId
        from reservations r
        JOIN chargeinfo c
        ON r.statId = c.statId AND r.chgerId = c.chgerId
        where userid = #{userId}
        ORDER BY r.createdAt DESC) A
        )
        <![CDATA[
        where rn >#{paging.start} and rn < #{paging.end}
        ]]>
    </select>
    <resultMap id="CombinedMap" type="Combined">
        <!-- ReserveInfoDTO 매핑 -->
        <association property="reserve" javaType="Reserve">
            <result property="statid" column="statid"/>
            <result property="chgerid" column="chgerid"/>
            <result property="userId" column="userId"/>
            <result property="reservationId" column="reservationId"/>
            <result property="reserveDate" column="reserveDate"/>
            <result property="reserveTime" column="reserveTime"/>
            <result property="createdAt" column="createdAt"/>
            <!-- ReserveInfoDTO의 다른 필드 추가 -->
        </association>

        <!-- ChargeInfoDTO 매핑 -->
        <association property="charge" javaType="Charge">
            <result property="statId" column="statId"/>
            <result property="chgerId" column="chgerId"/>
            <result property="statNm" column="statNm"/>
            <result property="chgerType" column="chgerType"/>
            <result property="addr" column="addr"/>
            <result property="location" column="location"/>
            <result property="busiNm" column="busiNm"/>
            <result property="busiCall" column="busiCall"/>
            <result property="chgerType" column="chgerType"/>
            <result property="parkingFree" column="parkingFree"/>
            <result property="useTime" column="useTime"/>
            <result property="note" column="note"/>
            <result property="lat" column="lat"/>
            <result property="lng" column="lng"/>
            <result property="output" column="output"/>
            <!-- ChargeInfoDTO의 다른 필드 추가 -->
        </association>

    </resultMap>

    <delete id="deleteReserve" parameterType="Reserve">
        delete from reservations
        <where>
            statid = #{statid}
            and chgerid = #{chgerid}
            and reserveDate = #{reserveDate}
            and reserveTime = #{reserveTime}
        </where>
    </delete>

</mapper>